{"cameraMode":{"drawMode":0,"name":"Shaded","section":"Shading Mode"},"sceneLighting":false,"audioPlay":false,"sceneViewState":{"m_AlwaysRefresh":false,"showFog":true,"showSkybox":false,"showFlares":true,"showImageEffects":true,"showParticleSystems":true,"showVisualEffectGraphs":true,"m_FxEnabled":true},"in2DMode":false,"pivot":{"x":-1.4901161193847657e-8,"y":0.0543334037065506,"z":0.00024339556694030762},"rotation":{"x":-0.1293637454509735,"y":-0.649153470993042,"z":0.11329343169927597,"w":-0.7410396933555603},"size":0.49150481820106509,"orthographic":false}