{"cameraMode":{"drawMode":0,"name":"Shaded","section":"Shading Mode"},"sceneLighting":true,"audioPlay":false,"sceneViewState":{"m_AlwaysRefresh":false,"showFog":true,"showSkybox":false,"showFlares":true,"showImageEffects":true,"showParticleSystems":true,"showVisualEffectGraphs":true,"m_FxEnabled":true},"in2DMode":false,"pivot":{"x":1.845574975013733,"y":2.066086769104004,"z":-1.5052698850631714},"rotation":{"x":0.00881992094218731,"y":-0.9900261759757996,"z":0.11108464002609253,"w":0.09114814549684525},"size":0.17704162001609803,"orthographic":false}