{"cameraMode":{"drawMode":0,"name":"Shaded","section":"Shading Mode"},"sceneLighting":true,"audioPlay":false,"sceneViewState":{"m_AlwaysRefresh":false,"showFog":true,"showSkybox":false,"showFlares":true,"showImageEffects":true,"showParticleSystems":true,"showVisualEffectGraphs":true,"m_FxEnabled":true},"in2DMode":false,"pivot":{"x":1.1197330951690674,"y":1.0697739124298096,"z":7.867201328277588},"rotation":{"x":-0.0808851346373558,"y":-0.6884689927101135,"z":0.07663606852293015,"w":-0.7172050476074219},"size":0.08807529509067536,"orthographic":false}