{"cameraMode":{"drawMode":0,"name":"Shaded","section":"Shading Mode"},"sceneLighting":true,"audioPlay":false,"sceneViewState":{"m_AlwaysRefresh":false,"showFog":true,"showSkybox":true,"showFlares":true,"showImageEffects":true,"showParticleSystems":true,"showVisualEffectGraphs":true,"m_FxEnabled":true},"in2DMode":false,"pivot":{"x":-1.400170087814331,"y":0.23635753989219666,"z":4.115355014801025},"rotation":{"x":0.23678846657276154,"y":-0.6609354019165039,"z":0.25418779253959658,"w":0.6663538217544556},"size":3.0187957286834719,"orthographic":false}