{"cameraMode":{"drawMode":0,"name":"Shaded","section":"Shading Mode"},"sceneLighting":true,"audioPlay":false,"sceneViewState":{"m_AlwaysRefresh":false,"showFog":true,"showSkybox":true,"showFlares":true,"showImageEffects":true,"showParticleSystems":true,"showVisualEffectGraphs":true,"m_FxEnabled":true},"in2DMode":false,"pivot":{"x":2.4364824295043947,"y":0.7958595752716065,"z":7.048659801483154},"rotation":{"x":0.24651116132736207,"y":-0.045003391802310947,"z":0.011408733204007149,"w":0.968188464641571},"size":3.424896240234375,"orthographic":false}