{"cameraMode":{"drawMode":0,"name":"Shaded","section":"Shading Mode"},"sceneLighting":true,"audioPlay":false,"sceneViewState":{"m_AlwaysRefresh":false,"showFog":true,"showSkybox":true,"showFlares":true,"showImageEffects":true,"showParticleSystems":true,"showVisualEffectGraphs":true,"m_FxEnabled":true},"in2DMode":false,"pivot":{"x":1.7598438262939454,"y":2.2493174076080324,"z":5.088669300079346},"rotation":{"x":0.07614937424659729,"y":0.9187417030334473,"z":-0.19336508214473725,"w":0.3383861780166626},"size":0.11383970081806183,"orthographic":false}