{"cameraMode":{"drawMode":0,"name":"Shaded","section":"Shading Mode"},"sceneLighting":true,"audioPlay":false,"sceneViewState":{"m_AlwaysRefresh":false,"showFog":true,"showSkybox":true,"showFlares":true,"showImageEffects":true,"showParticleSystems":true,"showVisualEffectGraphs":true,"m_FxEnabled":true},"in2DMode":false,"pivot":{"x":-3.426163673400879,"y":0.5918193459510803,"z":0.806999921798706},"rotation":{"x":0.045224666595458987,"y":-0.8752858638763428,"z":0.08318561315536499,"w":0.47458401322364809},"size":1.0786031484603882,"orthographic":false}