{"cameraMode":{"drawMode":0,"name":"Shaded","section":"Shading Mode"},"sceneLighting":true,"audioPlay":false,"sceneViewState":{"m_AlwaysRefresh":false,"showFog":true,"showSkybox":true,"showFlares":true,"showImageEffects":true,"showParticleSystems":true,"showVisualEffectGraphs":true,"m_FxEnabled":true},"in2DMode":false,"pivot":{"x":-4.556307315826416,"y":1.4516806602478028,"z":5.1381635665893559},"rotation":{"x":0.05883876606822014,"y":0.824154794216156,"z":-0.08710905909538269,"w":0.5565955638885498},"size":0.47317859530448916,"orthographic":false}