{"cameraMode":{"drawMode":0,"name":"Shaded","section":"Shading Mode"},"sceneLighting":true,"audioPlay":false,"sceneViewState":{"m_AlwaysRefresh":false,"showFog":true,"showSkybox":true,"showFlares":true,"showImageEffects":true,"showParticleSystems":true,"showVisualEffectGraphs":true,"m_FxEnabled":true},"in2DMode":false,"pivot":{"x":4.1964802742004398,"y":1.5564894676208497,"z":2.9870223999023439},"rotation":{"x":0.11549723148345947,"y":-0.44253432750701907,"z":0.057396434247493747,"w":0.8876169919967651},"size":0.8499332070350647,"orthographic":false}