{"cameraMode":{"drawMode":0,"name":"Shaded","section":"Shading Mode"},"sceneLighting":true,"audioPlay":false,"sceneViewState":{"m_AlwaysRefresh":false,"showFog":true,"showSkybox":true,"showFlares":true,"showImageEffects":true,"showParticleSystems":true,"showVisualEffectGraphs":true,"m_FxEnabled":true},"in2DMode":false,"pivot":{"x":2.0097315311431886,"y":1.0398926734924317,"z":4.633547782897949},"rotation":{"x":0.15002048015594483,"y":0.5064972043037415,"z":-0.08993573486804962,"w":0.8443666696548462},"size":0.4121309220790863,"orthographic":false}