{"cameraMode":{"drawMode":0,"name":"Shaded","section":"Shading Mode"},"sceneLighting":true,"audioPlay":false,"sceneViewState":{"m_AlwaysRefresh":false,"showFog":true,"showSkybox":false,"showFlares":true,"showImageEffects":true,"showParticleSystems":true,"showVisualEffectGraphs":true,"m_FxEnabled":true},"in2DMode":false,"pivot":{"x":1.2998168468475342,"y":0.6883813142776489,"z":3.499000072479248},"rotation":{"x":0.18185429275035859,"y":0.6670819520950317,"z":-0.17159421741962434,"w":0.7023308873176575},"size":0.09192414581775665,"orthographic":false}