{"cameraMode":{"drawMode":0,"name":"Shaded","section":"Shading Mode"},"sceneLighting":true,"audioPlay":false,"sceneViewState":{"m_AlwaysRefresh":false,"showFog":true,"showSkybox":false,"showFlares":true,"showImageEffects":true,"showParticleSystems":true,"showVisualEffectGraphs":true,"m_FxEnabled":true},"in2DMode":false,"pivot":{"x":-1.13881254196167,"y":1.4211604595184327,"z":10.545659065246582},"rotation":{"x":-0.2949325144290924,"y":0.08504847437143326,"z":-0.027677875012159349,"w":-0.9517647624015808},"size":0.11985352635383606,"orthographic":false}