{"cameraMode":{"drawMode":0,"name":"Shaded","section":"Shading Mode"},"sceneLighting":true,"audioPlay":false,"sceneViewState":{"m_AlwaysRefresh":false,"showFog":true,"showSkybox":false,"showFlares":true,"showImageEffects":true,"showParticleSystems":true,"showVisualEffectGraphs":true,"m_FxEnabled":true},"in2DMode":false,"pivot":{"x":1.4610990285873414,"y":1.1515300273895264,"z":8.30738353729248},"rotation":{"x":0.26971670985221865,"y":-0.6603533029556274,"z":0.27868688106536868,"w":0.6436702013015747},"size":0.09516331553459168,"orthographic":false}