{"cameraMode":{"drawMode":0,"name":"Shaded","section":"Shading Mode"},"sceneLighting":false,"audioPlay":false,"sceneViewState":{"m_AlwaysRefresh":false,"showFog":true,"showSkybox":false,"showFlares":true,"showImageEffects":true,"showParticleSystems":true,"showVisualEffectGraphs":true,"m_FxEnabled":true},"in2DMode":false,"pivot":{"x":-5.988344192504883,"y":5.224399566650391,"z":8.42344856262207},"rotation":{"x":0.011367527768015862,"y":0.9684610962867737,"z":-0.24687033891677857,"w":0.04313621297478676},"size":0.12426474690437317,"orthographic":false}