{"cameraMode":{"drawMode":0,"name":"Shaded","section":"Shading Mode"},"sceneLighting":true,"audioPlay":false,"sceneViewState":{"m_AlwaysRefresh":false,"showFog":true,"showSkybox":false,"showFlares":true,"showImageEffects":true,"showParticleSystems":true,"showVisualEffectGraphs":true,"m_FxEnabled":true},"in2DMode":false,"pivot":{"x":-5.903112411499023,"y":5.224399566650391,"z":8.415000915527344},"rotation":{"x":-0.0022046908270567657,"y":0.17362694442272187,"z":0.0012632684083655477,"w":0.9851992726325989},"size":12.12435531616211,"orthographic":false}