{"cameraMode":{"drawMode":0,"name":"Shaded","section":"Shading Mode"},"sceneLighting":false,"audioPlay":false,"sceneViewState":{"m_AlwaysRefresh":false,"showFog":true,"showSkybox":false,"showFlares":true,"showImageEffects":true,"showParticleSystems":true,"showVisualEffectGraphs":true,"m_FxEnabled":true},"in2DMode":false,"pivot":{"x":1.3129408359527588,"y":1.106249451637268,"z":7.846108436584473},"rotation":{"x":0.011367527768015862,"y":0.9684610962867737,"z":-0.24687033891677857,"w":0.04313621297478676},"size":0.13256528973579408,"orthographic":false}