{"cameraMode":{"drawMode":0,"name":"Shaded","section":"Shading Mode"},"sceneLighting":true,"audioPlay":false,"sceneViewState":{"m_AlwaysRefresh":false,"showFog":true,"showSkybox":false,"showFlares":true,"showImageEffects":true,"showParticleSystems":true,"showVisualEffectGraphs":true,"m_FxEnabled":true},"in2DMode":false,"pivot":{"x":-1.2200000286102296,"y":1.4077389240264893,"z":10.392999649047852},"rotation":{"x":-0.2949325144290924,"y":0.08504847437143326,"z":-0.027677875012159349,"w":-0.9517647624015808},"size":0.0917736068367958,"orthographic":false}