{"cameraMode":{"drawMode":0,"name":"Shaded","section":"Shading Mode"},"sceneLighting":true,"audioPlay":false,"sceneViewState":{"m_AlwaysRefresh":false,"showFog":true,"showSkybox":false,"showFlares":true,"showImageEffects":true,"showParticleSystems":true,"showVisualEffectGraphs":true,"m_FxEnabled":true},"in2DMode":false,"pivot":{"x":2.126999855041504,"y":2.0584981441497804,"z":-1.519189715385437},"rotation":{"x":0.00881992094218731,"y":-0.9900261759757996,"z":0.11108464002609253,"w":0.09114814549684525},"size":0.17141012847423554,"orthographic":false}