{"cameraMode":{"drawMode":0,"name":"Shaded","section":"Shading Mode"},"sceneLighting":true,"audioPlay":false,"sceneViewState":{"m_AlwaysRefresh":false,"showFog":true,"showSkybox":false,"showFlares":true,"showImageEffects":true,"showParticleSystems":true,"showVisualEffectGraphs":true,"m_FxEnabled":true},"in2DMode":false,"pivot":{"x":-5.961950302124023,"y":1.2228741645812989,"z":8.571000099182129},"rotation":{"x":-0.1547568440437317,"y":-0.40806007385253909,"z":0.06881846487522125,"w":-0.8975939154624939},"size":0.22969640791416169,"orthographic":false}