{"cameraMode":{"drawMode":0,"name":"Shaded","section":"Shading Mode"},"sceneLighting":true,"audioPlay":false,"sceneViewState":{"m_AlwaysRefresh":false,"showFog":true,"showSkybox":false,"showFlares":true,"showImageEffects":true,"showParticleSystems":true,"showVisualEffectGraphs":true,"m_FxEnabled":true},"in2DMode":false,"pivot":{"x":0.3800000548362732,"y":0.4099574089050293,"z":2.1500000953674318},"rotation":{"x":-0.1547568440437317,"y":-0.40806007385253909,"z":0.06881846487522125,"w":-0.8975939154624939},"size":0.3822275996208191,"orthographic":false}