{"cameraMode":{"drawMode":0,"name":"Shaded","section":"Shading Mode"},"sceneLighting":true,"audioPlay":false,"sceneViewState":{"m_AlwaysRefresh":false,"showFog":true,"showSkybox":false,"showFlares":true,"showImageEffects":true,"showParticleSystems":true,"showVisualEffectGraphs":true,"m_FxEnabled":true},"in2DMode":false,"pivot":{"x":-1.1959999799728394,"y":1.2939404249191285,"z":5.965000152587891},"rotation":{"x":0.26971670985221865,"y":-0.6603533029556274,"z":0.27868688106536868,"w":0.6436702013015747},"size":0.11921153962612152,"orthographic":false}