{"cameraMode":{"drawMode":0,"name":"Shaded","section":"Shading Mode"},"sceneLighting":true,"audioPlay":false,"sceneViewState":{"m_AlwaysRefresh":false,"showFog":true,"showSkybox":false,"showFlares":true,"showImageEffects":true,"showParticleSystems":true,"showVisualEffectGraphs":true,"m_FxEnabled":true},"in2DMode":false,"pivot":{"x":-1.0854302644729615,"y":1.3549696207046509,"z":8.86500072479248},"rotation":{"x":-0.1547568440437317,"y":-0.40806007385253909,"z":0.06881846487522125,"w":-0.8975939154624939},"size":0.20339146256446839,"orthographic":false}