{"cameraMode":{"drawMode":0,"name":"Shaded","section":"Shading Mode"},"sceneLighting":true,"audioPlay":false,"sceneViewState":{"m_AlwaysRefresh":false,"showFog":true,"showSkybox":false,"showFlares":true,"showImageEffects":true,"showParticleSystems":true,"showVisualEffectGraphs":true,"m_FxEnabled":true},"in2DMode":false,"pivot":{"x":1.3846553564071656,"y":1.1402490139007569,"z":8.39019775390625},"rotation":{"x":0.20687323808670045,"y":-0.6919944882392883,"z":0.21994823217391969,"w":0.6563252806663513},"size":0.10806334763765335,"orthographic":false}