{"cameraMode":{"drawMode":0,"name":"Shaded","section":"Shading Mode"},"sceneLighting":false,"audioPlay":false,"sceneViewState":{"m_AlwaysRefresh":false,"showFog":true,"showSkybox":false,"showFlares":true,"showImageEffects":true,"showParticleSystems":true,"showVisualEffectGraphs":true,"m_FxEnabled":true},"in2DMode":false,"pivot":{"x":-3.757664918899536,"y":5.1879963874816898,"z":-1.4741615056991578},"rotation":{"x":-0.0033380878157913687,"y":0.9769895076751709,"z":0.020154384896159173,"w":0.2154182493686676},"size":0.08139003068208695,"orthographic":false}