{"cameraMode":{"drawMode":0,"name":"Shaded","section":"Shading Mode"},"sceneLighting":false,"audioPlay":false,"sceneViewState":{"m_AlwaysRefresh":false,"showFog":true,"showSkybox":false,"showFlares":true,"showImageEffects":true,"showParticleSystems":true,"showVisualEffectGraphs":true,"m_FxEnabled":true},"in2DMode":false,"pivot":{"x":0.946007251739502,"y":-1.1425989866256714,"z":2.8274056911468508},"rotation":{"x":0.059981752187013629,"y":-0.8998205661773682,"z":0.4119250774383545,"w":0.13103072345256806},"size":2.107593297958374,"orthographic":false}