{"cameraMode":{"drawMode":0,"name":"Shaded","section":"Shading Mode"},"sceneLighting":false,"audioPlay":false,"sceneViewState":{"m_AlwaysRefresh":false,"showFog":true,"showSkybox":false,"showFlares":true,"showImageEffects":true,"showParticleSystems":true,"showVisualEffectGraphs":true,"m_FxEnabled":true},"in2DMode":false,"pivot":{"x":1.1252920627593995,"y":-0.08708935230970383,"z":2.4663984775543215},"rotation":{"x":0.0378994345664978,"y":-0.9578686356544495,"z":0.24234983325004579,"w":0.14976362884044648},"size":2.107593297958374,"orthographic":false}