{"cameraMode":{"drawMode":0,"name":"Shaded","section":"Shading Mode"},"sceneLighting":false,"audioPlay":false,"sceneViewState":{"m_AlwaysRefresh":false,"showFog":true,"showSkybox":false,"showFlares":true,"showImageEffects":true,"showParticleSystems":true,"showVisualEffectGraphs":true,"m_FxEnabled":true},"in2DMode":false,"pivot":{"x":5.478031635284424,"y":0.8344312310218811,"z":11.858133316040039},"rotation":{"x":0.024702327325940133,"y":-0.857985258102417,"z":0.04149814322590828,"w":0.5115090012550354},"size":1.1978164911270142,"orthographic":false}