{"cameraMode":{"drawMode":0,"name":"Shaded","section":"Shading Mode"},"sceneLighting":true,"audioPlay":false,"sceneViewState":{"m_AlwaysRefresh":false,"showFog":true,"showSkybox":false,"showFlares":true,"showImageEffects":true,"showParticleSystems":true,"showVisualEffectGraphs":true,"m_FxEnabled":true},"in2DMode":false,"pivot":{"x":3.5488903522491457,"y":0.8000820875167847,"z":8.14004135131836},"rotation":{"x":0.1283688098192215,"y":0.7315657734870911,"z":-0.14210183918476106,"w":0.6549208760261536},"size":0.17971816658973695,"orthographic":false}