{"cameraMode":{"drawMode":0,"name":"Shaded","section":"Shading Mode"},"sceneLighting":true,"audioPlay":false,"sceneViewState":{"m_AlwaysRefresh":false,"showFog":true,"showSkybox":false,"showFlares":true,"showImageEffects":true,"showParticleSystems":true,"showVisualEffectGraphs":true,"m_FxEnabled":true},"in2DMode":false,"pivot":{"x":3.523721933364868,"y":0.42276468873023989,"z":8.059000968933106},"rotation":{"x":-0.0808851346373558,"y":-0.6884689927101135,"z":0.07663606852293015,"w":-0.7172050476074219},"size":0.13950248062610627,"orthographic":false}