{"cameraMode":{"drawMode":0,"name":"Shaded","section":"Shading Mode"},"sceneLighting":true,"audioPlay":false,"sceneViewState":{"m_AlwaysRefresh":false,"showFog":true,"showSkybox":false,"showFlares":true,"showImageEffects":true,"showParticleSystems":true,"showVisualEffectGraphs":true,"m_FxEnabled":true},"in2DMode":false,"pivot":{"x":3.440999984741211,"y":0.32586297392845156,"z":5.502999782562256},"rotation":{"x":0.1283688098192215,"y":0.7315657734870911,"z":-0.14210183918476106,"w":0.6549208760261536},"size":0.1868951916694641,"orthographic":false}