{"cameraMode":{"drawMode":0,"name":"Shaded","section":"Shading Mode"},"sceneLighting":true,"audioPlay":false,"sceneViewState":{"m_AlwaysRefresh":false,"showFog":true,"showSkybox":false,"showFlares":true,"showImageEffects":true,"showParticleSystems":true,"showVisualEffectGraphs":true,"m_FxEnabled":true},"in2DMode":false,"pivot":{"x":-0.2647312879562378,"y":5.7829999923706059,"z":-0.2182082235813141},"rotation":{"x":-0.0022046908270567657,"y":0.17362694442272187,"z":0.0012632684083655477,"w":0.9851992726325989},"size":0.2317693680524826,"orthographic":false}