{"cameraMode":{"drawMode":0,"name":"Shaded","section":"Shading Mode"},"sceneLighting":true,"audioPlay":false,"sceneViewState":{"m_AlwaysRefresh":false,"showFog":true,"showSkybox":false,"showFlares":true,"showImageEffects":true,"showParticleSystems":true,"showVisualEffectGraphs":true,"m_FxEnabled":true},"in2DMode":false,"pivot":{"x":-5.939194202423096,"y":1.1716630458831788,"z":8.833033561706543},"rotation":{"x":-0.1547568440437317,"y":-0.40806007385253909,"z":0.06881846487522125,"w":-0.8975939154624939},"size":0.08083689957857132,"orthographic":false}