{"cameraMode":{"drawMode":0,"name":"Shaded","section":"Shading Mode"},"sceneLighting":true,"audioPlay":false,"sceneViewState":{"m_AlwaysRefresh":false,"showFog":true,"showSkybox":false,"showFlares":true,"showImageEffects":true,"showParticleSystems":true,"showVisualEffectGraphs":true,"m_FxEnabled":true},"in2DMode":false,"pivot":{"x":3.5614733695983888,"y":0.7670637369155884,"z":8.203908920288086},"rotation":{"x":-0.0808851346373558,"y":-0.6884689927101135,"z":0.07663606852293015,"w":-0.7172050476074219},"size":0.14361919462680818,"orthographic":false}