{"cameraMode":{"drawMode":0,"name":"Shaded","section":"Shading Mode"},"sceneLighting":true,"audioPlay":false,"sceneViewState":{"m_AlwaysRefresh":false,"showFog":true,"showSkybox":false,"showFlares":true,"showImageEffects":true,"showParticleSystems":true,"showVisualEffectGraphs":true,"m_FxEnabled":true},"in2DMode":false,"pivot":{"x":3.501085042953491,"y":1.272247552871704,"z":1.2086458206176758},"rotation":{"x":0.1312715858221054,"y":0.7224457263946533,"z":-0.14144045114517213,"w":0.6645405292510986},"size":0.11764025688171387,"orthographic":false}