{"cameraMode":{"drawMode":0,"name":"Shaded","section":"Shading Mode"},"sceneLighting":true,"audioPlay":false,"sceneViewState":{"m_AlwaysRefresh":false,"showFog":true,"showSkybox":false,"showFlares":true,"showImageEffects":true,"showParticleSystems":true,"showVisualEffectGraphs":true,"m_FxEnabled":true},"in2DMode":false,"pivot":{"x":1.5042080879211426,"y":1.1860687732696534,"z":8.376453399658204},"rotation":{"x":0.44916895031929018,"y":0.4897816777229309,"z":-0.3245929777622223,"w":0.6736440062522888},"size":0.09753405302762985,"orthographic":false}