{"cameraMode":{"drawMode":0,"name":"Shaded","section":"Shading Mode"},"sceneLighting":true,"audioPlay":false,"sceneViewState":{"m_AlwaysRefresh":false,"showFog":true,"showSkybox":false,"showFlares":true,"showImageEffects":true,"showParticleSystems":true,"showVisualEffectGraphs":true,"m_FxEnabled":true},"in2DMode":false,"pivot":{"x":3.5350804328918459,"y":1.003197193145752,"z":8.082377433776856},"rotation":{"x":0.18185429275035859,"y":0.6670819520950317,"z":-0.17159421741962434,"w":0.7023308873176575},"size":0.16314971446990968,"orthographic":false}