{"cameraMode":{"drawMode":0,"name":"Shaded","section":"Shading Mode"},"sceneLighting":true,"audioPlay":false,"sceneViewState":{"m_AlwaysRefresh":false,"showFog":true,"showSkybox":false,"showFlares":true,"showImageEffects":true,"showParticleSystems":true,"showVisualEffectGraphs":true,"m_FxEnabled":true},"in2DMode":false,"pivot":{"x":3.4200000762939455,"y":0.2956283688545227,"z":5.206999778747559},"rotation":{"x":0.18185429275035859,"y":0.6670819520950317,"z":-0.17159421741962434,"w":0.7023308873176575},"size":0.1427617371082306,"orthographic":false}