{"cameraMode":{"drawMode":0,"name":"Shaded","section":"Shading Mode"},"sceneLighting":true,"audioPlay":false,"sceneViewState":{"m_AlwaysRefresh":false,"showFog":true,"showSkybox":false,"showFlares":true,"showImageEffects":true,"showParticleSystems":true,"showVisualEffectGraphs":true,"m_FxEnabled":true},"in2DMode":false,"pivot":{"x":-1.9951868057250977,"y":0.7171076536178589,"z":0.5036789178848267},"rotation":{"x":-0.0022046908270567657,"y":0.17362694442272187,"z":0.0012632684083655477,"w":0.9851992726325989},"size":0.12562286853790284,"orthographic":false}