{"cameraMode":{"drawMode":0,"name":"Shaded","section":"Shading Mode"},"sceneLighting":false,"audioPlay":false,"sceneViewState":{"m_AlwaysRefresh":false,"showFog":true,"showSkybox":false,"showFlares":true,"showImageEffects":true,"showParticleSystems":true,"showVisualEffectGraphs":true,"m_FxEnabled":true},"in2DMode":false,"pivot":{"x":0.10203182697296143,"y":0.8743684887886047,"z":0.17258375883102418},"rotation":{"x":0.10007345676422119,"y":-0.8216195106506348,"z":0.1523926854133606,"w":0.5403695702552795},"size":1.2916415929794312,"orthographic":false}