{"cameraMode":{"drawMode":0,"name":"Shaded","section":"Shading Mode"},"sceneLighting":false,"audioPlay":false,"sceneViewState":{"m_AlwaysRefresh":false,"showFog":true,"showSkybox":false,"showFlares":true,"showImageEffects":true,"showParticleSystems":true,"showVisualEffectGraphs":true,"m_FxEnabled":true},"in2DMode":false,"pivot":{"x":0.01909351348876953,"y":0.5658595561981201,"z":-0.01909327507019043},"rotation":{"x":0.0012318408116698266,"y":-0.7048457264900208,"z":0.001330749480985105,"w":0.709568440914154},"size":0.6535385251045227,"orthographic":false}